,City,Latitude,Longitude,Max temp,Humidity,Cloudiness,Wind Speed,Country,Date
0,dwarka,22.24,68.97,84.47,53,0,13.09,IN,1603731853
1,port alfred,-33.59,26.89,65.35,83,100,28.61,ZA,1603731574
2,bara,10.37,10.73,89.6,22,11,5.82,NG,1603731856
3,zhuhai,22.28,113.57,78.01,83,0,13.87,CN,1603731856
5,lac-megantic,45.58,-70.88,37,74,100,1.99,CA,1603731856
6,laurel,39.1,-76.85,55.99,93,90,3.44,US,1603731600
7,kodiak,57.79,-152.41,48.2,49,20,18.34,US,1603731791
8,tuktoyaktuk,69.45,-133.04,8.6,84,90,13.87,CA,1603731787
9,vaini,-21.2,-175.2,71.6,94,20,8.05,TO,1603731730
10,great falls,47.5,-111.3,19.4,62,1,19.46,US,1603731591
11,qinzhou,21.95,108.62,70.57,85,29,9.62,CN,1603731858
13,eyl,7.98,49.82,78.53,79,100,10.4,SO,1603731585
14,busselton,-33.65,115.33,55.99,70,7,3.58,AU,1603731741
15,tasiilaq,65.61,-37.64,33.8,50,100,20.8,GL,1603731858
16,hobart,-42.88,147.33,50,61,90,3.36,AU,1603731457
17,rikitea,-23.12,-134.97,75.31,84,83,17.29,PF,1603731821
18,avarua,-21.21,-159.78,73.4,78,100,17.22,CK,1603731859
19,muyezerskiy,63.93,31.65,44.2,93,100,12.12,RU,1603731860
20,butaritari,3.07,172.79,81.27,67,100,7.78,KI,1603731726
21,qaanaaq,77.48,-69.36,7.29,71,73,8.93,GL,1603731798
22,exeter,50.72,-3.53,53.6,76,20,11.41,GB,1603731866
23,qaqortoq,60.72,-46.03,46.4,28,75,19.46,GL,1603731866
24,upernavik,72.79,-56.15,16.54,80,84,5.39,GL,1603731810
25,souillac,-20.52,57.52,75.2,73,40,11.41,MU,1603731867
26,albany,42.6,-73.97,46.99,87,100,8.12,US,1603731608
27,nanakuli,21.39,-158.15,73,94,20,3.36,US,1603731867
28,mount isa,-20.73,139.5,71.6,35,20,9.17,AU,1603731619
29,katsuura,35.13,140.3,62.6,67,20,12.75,JP,1603731868
30,bluff,-46.6,168.33,44.19,85,20,2.98,NZ,1603731736
31,miri,4.41,114.01,75.2,100,40,4.7,MY,1603731591
32,hasaki,35.73,140.83,53.6,87,20,9.17,JP,1603731772
33,sann,26.04,68.14,73.4,60,0,3.27,PK,1603731868
35,tiznit,29.58,-9.5,68.13,41,0,8.46,MA,1603731869
36,emba,48.83,58.14,37.53,75,0,16.93,KZ,1603731869
37,dikson,73.51,80.55,13.93,96,100,13.82,RU,1603731869
38,ushuaia,-54.8,-68.3,59,33,40,19.46,AR,1603731577
39,vila franca do campo,37.72,-25.43,68,88,40,16.11,PT,1603731787
40,cape town,-33.93,18.42,72,64,0,10.29,ZA,1603731646
41,amazar,53.86,120.88,32.25,96,100,5.03,RU,1603731870
42,port elizabeth,-33.92,25.57,62.6,93,90,19.46,ZA,1603731592
43,mpika,-11.83,31.45,73.81,43,74,7.9,ZM,1603731871
44,sistranda,63.73,8.83,46.4,70,0,11.41,NO,1603731871
45,mataura,-46.19,168.86,36.21,94,28,1.9,NZ,1603731781
46,punta arenas,-53.15,-70.92,55.4,43,40,40.26,CL,1603731485
47,hovd,48.01,91.64,29.32,74,56,1.3,MN,1603731828
48,saskylakh,71.92,114.08,1.17,92,90,6.31,RU,1603731590
49,panama city,8.99,-79.52,86,74,40,10.29,PA,1603731765
50,hilo,19.73,-155.09,75.2,64,75,8.05,US,1603731750
51,saint-philippe,-21.36,55.77,71.6,88,53,3.36,RE,1603731821
52,jamestown,42.1,-79.24,48.99,100,90,3.36,US,1603731754
53,oranjemund,-28.55,16.43,59.88,85,7,13.13,NA,1603731875
54,caramay,10.18,119.24,79.61,84,100,11.79,PH,1603731875
56,bud,39.45,-86.18,46.99,87,90,3.36,US,1603731875
57,visby,57.64,18.3,53.01,93,75,11.41,SE,1603731876
58,bandundu,-3.32,17.37,71.89,97,100,3.2,CD,1603731877
59,osakarovka,50.56,72.57,46.18,55,99,22.3,KZ,1603731878
60,bracebridge,45.03,-79.32,37.99,93,90,3.24,CA,1603731861
61,pevek,69.7,170.31,23.99,95,92,10.96,RU,1603731844
62,izyum,49.21,37.25,51.37,60,100,10.11,UA,1603731878
63,ordzhonikidze,52.44,61.74,34.36,83,96,23,KZ,1603731880
64,nelson,-41.28,173.28,61,92,100,1.99,NZ,1603731881
65,wewak,-3.55,143.63,76.51,84,43,3.76,PG,1603731881
66,baykalovo,57.4,63.77,30.18,97,100,23.96,RU,1603731881
67,leh,34.17,77.58,30.25,65,17,1.3,IN,1603731881
68,castro,-24.79,-50.01,77.49,54,93,5.01,BR,1603731881
69,avera,33.19,-82.53,69.8,94,90,4.7,US,1603731654
70,bathsheba,13.22,-59.52,87.8,70,40,12.75,BB,1603731861
71,brae,60.4,-1.35,50,87,75,5.82,GB,1603731786
72,ambon,-3.7,128.18,82.99,89,73,5.41,ID,1603731827
74,ndele,8.41,20.65,78.44,65,12,1.99,CF,1603731882
75,badarganj,25.67,89.05,74.71,60,23,2.08,BD,1603731882
76,victoria,22.29,114.16,75,83,82,5.01,HK,1603731758
77,ribeira grande,38.52,-28.7,69.8,83,20,16.11,PT,1603731595
78,parrita,9.52,-84.32,73.4,78,75,4.7,CR,1603731883
79,nevelsk,46.67,141.86,30.2,100,81,7.49,RU,1603731883
80,lavrentiya,65.58,-171,30.25,91,32,5.08,RU,1603731883
81,lahaina,20.88,-156.68,75.2,69,1,8.05,US,1603731865
82,sarangani,5.4,125.46,83.19,73,100,3.96,PH,1603731885
83,fort-shevchenko,44.51,50.26,52.38,64,83,12.62,KZ,1603731885
84,ulaangom,49.98,92.07,25.47,88,39,1.99,MN,1603731785
85,rocha,-34.48,-54.33,60.03,87,100,15.21,UY,1603731890
86,kaitangata,-46.28,169.85,48,82,77,4,NZ,1603731891
87,bintulu,3.17,113.03,73.4,100,40,3.36,MY,1603731891
89,mana,5.66,-53.78,87.64,61,23,11.05,GF,1603731891
90,sitka,57.05,-135.33,51.8,100,90,14.99,US,1603731751
92,tiksi,71.69,128.87,5.13,92,100,10.69,RU,1603731891
93,paita,-5.09,-81.11,77,65,0,11.41,PE,1603731708
94,chaozhou,23.67,116.64,69.8,83,0,4.47,CN,1603731892
95,akyab,20.15,92.9,80.85,80,46,3.8,MM,1603731892
96,jinka,5.65,36.65,65.73,85,45,0.89,ET,1603731892
97,thompson,55.74,-97.86,24.8,73,90,10.29,CA,1603731892
98,ayaviri,-14.89,-70.59,65.28,25,36,6.29,PE,1603731892
99,salalah,17.02,54.09,80.6,65,0,1.12,OM,1603731772
100,kizlyar,43.85,46.72,51.48,87,7,7.85,RU,1603731893
102,bredasdorp,-34.53,20.04,66.2,77,100,18.34,ZA,1603731732
103,nikolskoye,59.7,30.79,46.99,87,0,6.71,RU,1603731826
104,cururupu,-1.83,-44.87,91.08,51,53,7.96,BR,1603731893
105,arraial do cabo,-22.97,-42.03,78.8,74,20,9.17,BR,1603731637
106,new norfolk,-42.78,147.06,50,65,74,1.1,AU,1603731734
107,colinas,-6.03,-44.25,95.05,40,63,3.31,BR,1603731844
108,waipawa,-41.41,175.52,55.99,93,100,12.75,NZ,1603731894
109,fortuna,40.6,-124.16,52,36,1,8.05,US,1603731808
110,belyy yar,53.6,91.39,39.2,93,40,6.71,RU,1603731894
111,la asuncion,11.03,-63.86,83.62,71,42,11.27,VE,1603731895
112,port lincoln,-34.73,135.87,54,86,0,6.67,AU,1603731862
113,kavieng,-2.57,150.8,82.96,68,86,5.93,PG,1603731700
114,atuona,-9.8,-139.03,78.98,74,13,23.82,PF,1603731895
115,zunyi,27.69,106.91,58.95,89,100,0.83,CN,1603731895
116,bichura,50.59,107.6,26.31,81,48,2.21,RU,1603731895
117,obigarm,38.72,69.71,50.34,36,0,4.54,TJ,1603731896
118,mount gambier,-37.83,140.77,50,76,90,12.75,AU,1603731896
120,paamiut,61.99,-49.67,32.5,91,100,31.23,GL,1603731896
121,balabac,7.99,117.06,80.8,82,100,23.17,PH,1603731896
122,namangan,41,71.67,50,57,95,6.93,UZ,1603731896
123,hattiesburg,31.33,-89.29,75,68,1,3.36,US,1603731896
124,talnakh,69.49,88.4,6.8,84,40,6.71,RU,1603731656
125,aitape,-3.14,142.35,76.42,82,81,4.21,PG,1603731897
126,chuy,-33.7,-53.46,60.67,95,100,14.47,UY,1603731897
127,ust-nera,64.57,143.2,3.07,76,10,2.08,RU,1603731886
128,bengkulu,-3.8,102.27,75.69,84,100,4.18,ID,1603731612
130,taltal,-25.4,-70.48,63.73,58,25,5.37,CL,1603731645
131,batagay-alyta,67.8,130.41,6.06,84,100,1.19,RU,1603731898
132,eagle pass,28.71,-100.5,66.2,88,75,20.8,US,1603731662
133,chokurdakh,70.63,147.92,9.23,96,99,11.97,RU,1603731711
134,grand gaube,-20.01,57.66,73.99,74,19,5.01,MU,1603731898
135,east london,-33.02,27.91,62.6,93,90,16.11,ZA,1603731898
136,khatanga,71.97,102.5,3.11,94,81,9.46,RU,1603731899
137,leningradskiy,69.38,178.42,25.83,98,100,5.48,RU,1603731899
138,narrabri,-30.32,149.78,55.4,76,0,16.11,AU,1603731899
139,nuuk,64.18,-51.72,30.2,63,75,11.41,GL,1603731900
143,sable-sur-sarthe,47.84,-0.33,51.8,81,21,9.17,FR,1603731902
144,nishihara,26.18,127.76,73.4,73,20,4.7,JP,1603731903
145,vestmannaeyjar,63.44,-20.27,42.8,87,75,17.22,IS,1603731903
146,orumiyeh,37.55,45.08,50,66,20,4.7,IR,1603731903
147,provideniya,64.38,-173.3,28.9,92,32,2.71,RU,1603731826
148,pospelikha,51.95,81.77,44.38,55,100,18.88,RU,1603731904
149,chabahar,25.29,60.64,71.6,43,0,4.59,IR,1603731904
150,santa fe,-31.63,-60.7,79,22,0,8.01,AR,1603731904
151,severo-kurilsk,50.68,156.12,42.71,84,99,5.97,RU,1603731904
152,marzuq,14.4,46.47,67.51,26,0,3.65,YE,1603731905
153,datong,40.09,113.29,38.95,56,0,9.73,CN,1603731905
154,husavik,66.04,-17.34,39.2,69,75,4.7,IS,1603731758
155,lanzhou,36.06,103.79,43,68,100,2.55,CN,1603731905
156,grindavik,63.84,-22.43,41,86,75,10.29,IS,1603731887
157,mar del plata,-38,-57.56,66.2,34,0,13.87,AR,1603731834
158,kapaa,22.08,-159.32,71.01,59,33,3.18,US,1603731813
159,turukhansk,65.82,87.98,-0.54,89,0,7.38,RU,1603731906
160,puerto ayora,-0.74,-90.35,73.4,78,75,14.99,EC,1603731594
161,corrales,35.24,-106.61,33.01,63,90,20.8,US,1603731801
162,ostrovnoy,68.05,39.51,33.28,91,100,30.06,RU,1603731906
163,port augusta,-32.5,137.77,57.2,82,90,6.93,AU,1603731906
164,hithadhoo,-0.6,73.08,83.55,65,0,5.82,MV,1603731907
165,port hardy,50.7,-127.42,42.8,100,90,4.7,CA,1603731907
166,coquimbo,-29.95,-71.34,59,77,40,19.46,CL,1603731907
167,miles city,46.41,-105.84,6.8,71,1,10.29,US,1603731879
168,halifax,44.65,-63.57,50,61,75,8.05,CA,1603731830
169,naze,28.37,129.48,64.4,82,40,5.82,JP,1603731692
170,esperance,-33.87,121.9,60.8,77,0,9.17,AU,1603731907
171,miandrivazo,-19.52,45.47,83.07,47,58,8.52,MG,1603731908
172,chingirlau,51.09,54.08,38.16,73,95,15.99,KZ,1603731908
173,katherine,-14.47,132.27,77,83,91,13.87,AU,1603731908
174,abu samrah,35.3,37.18,74.75,19,11,11.07,SY,1603731910
175,caravelas,-17.71,-39.25,79.2,84,26,9.75,BR,1603731911
176,hami,42.8,93.45,39.25,61,100,2.19,CN,1603731911
177,sinnamary,5.38,-52.95,85.19,70,3,10.07,GF,1603731911
178,aklavik,68.22,-135.01,12.2,100,90,8.05,CA,1603731911
179,farim,12.48,-15.22,95.29,42,0,2.33,GW,1603731911
180,bethel,41.37,-73.41,51.01,87,90,5.82,US,1603731912
181,mlonggo,-6.53,110.7,78.87,83,100,4.16,ID,1603731912
182,hermanus,-34.42,19.23,66,80,100,8.99,ZA,1603731777
183,mbaiki,3.87,17.99,74.3,87,100,2.26,CF,1603731913
184,hun,29.13,15.95,78.69,25,0,9.04,LY,1603731913
185,georgetown,5.41,100.34,78.01,88,20,4.74,MY,1603731614
186,shimoda,34.67,138.95,55,84,2,4.16,JP,1603731913
187,diego de almagro,-26.37,-70.05,84.49,14,0,14.41,CL,1603731913
188,portland,45.52,-122.68,41,74,75,2.57,US,1603731582
189,beidao,34.57,105.89,53.08,48,100,2.33,CN,1603731910
190,cidreira,-30.18,-50.21,74.32,75,100,16.26,BR,1603731619
192,pitimbu,-7.47,-34.81,86,66,40,11.41,BR,1603731914
193,pandan,14.05,124.17,78.46,87,100,6.42,PH,1603731914
194,santiago de compostela,42.88,-8.55,55,87,40,4.7,ES,1603731625
195,le port,-20.94,55.29,71.6,78,86,8.05,RE,1603731915
196,shache,38.42,77.24,43.34,53,52,5.01,CN,1603731648
197,sechura,-5.56,-80.82,77.47,53,44,10.38,PE,1603731915
198,san cristobal,7.77,-72.22,89.6,52,40,9.17,VE,1603731880
200,clyde river,70.47,-68.59,14,72,90,8.05,CA,1603731825
201,conceicao do araguaia,-8.26,-49.26,95.52,40,35,3.06,BR,1603731918
202,roma,43.21,-75.46,45,93,90,4.7,US,1603731725
203,sedam,17.18,77.28,74.1,76,42,6.24,IN,1603731918
205,tagusao,9.19,117.81,79.99,81,100,17.9,PH,1603731919
206,torbay,47.67,-52.73,41,48,75,19.46,CA,1603731800
207,san ignacio,17.16,-89.07,82,78,75,6.93,BZ,1603731921
208,tura,25.52,90.22,70.07,91,0,2.35,IN,1603731921
209,tapes,-30.67,-51.4,76.89,75,99,2.39,BR,1603731921
210,jumla,29.27,82.18,42.53,61,0,4.23,NP,1603731670
211,terra boa,-23.77,-52.44,70.88,92,100,9.8,BR,1603731921
212,shirdi,19.77,74.48,73.81,58,37,7.09,IN,1603731922
213,geraldton,-28.77,114.6,57.2,87,0,4.7,AU,1603731922
214,carnarvon,-24.87,113.63,69.8,88,0,19.46,AU,1603731648
215,boma,7.08,-2.17,85.71,60,27,3.29,GH,1603731922
216,saint george,37.1,-113.58,37.4,27,1,26.4,US,1603731854
217,lebu,-37.62,-73.65,53.67,67,94,2.04,CL,1603731922
218,ahipara,-35.17,173.17,58.19,94,13,3.58,NZ,1603731923
219,frunze,48.67,38.75,50.68,55,100,7.14,UA,1603731923
220,richards bay,-28.78,32.04,70.61,82,98,12.41,ZA,1603731853
221,taoudenni,22.68,-3.98,98.44,10,18,11.21,ML,1603731923
222,lake city,30.19,-82.64,84,74,75,6.93,US,1603731923
223,tangara,-6.2,-35.8,86,62,75,16.11,BR,1603731718
224,mahebourg,-20.41,57.7,75.2,73,40,11.41,MU,1603731665
225,alice springs,-23.7,133.88,59,30,0,6.93,AU,1603731746
226,yellowknife,62.46,-114.35,24.8,68,75,11.41,CA,1603731925
227,kichmengskiy gorodok,59.98,45.79,29.88,94,97,1.79,RU,1603731925
228,kirovskiy,45.09,133.51,37.26,86,0,4.47,RU,1603731889
229,yazman,29.12,71.74,73.69,20,0,5.59,PK,1603731925
230,nizhniy tsasuchey,50.52,115.13,25.14,82,2,17.87,RU,1603731925
232,ko samui,9.54,99.94,81.73,75,82,10.11,TH,1603731697
233,bani walid,31.76,13.99,73.45,48,12,8.61,LY,1603731926
234,benguela,-12.58,13.41,75.74,78,46,7.02,AO,1603731926
235,westport,41.14,-73.36,55,81,90,9.17,US,1603731875
237,vinh,18.67,105.67,73.81,93,99,7.4,VN,1603731927
238,sarahan,31.52,77.8,44.78,52,0,5.19,IN,1603731927
239,the pas,53.83,-101.25,19.4,62,1,8.05,CA,1603731927
240,vardo,70.37,31.11,37.4,86,75,24.16,NO,1603731927
241,barrow,71.29,-156.79,17.6,85,1,0.13,US,1603731927
242,anadyr,64.75,177.48,17.6,92,75,4.47,RU,1603731883
243,belaya gora,68.53,146.42,4.3,88,0,6.73,RU,1603731928
244,luderitz,-26.65,15.16,63.59,69,0,25.08,NA,1603731928
245,kindu,-2.95,25.95,74.62,82,13,1.16,CD,1603731928
246,cabo san lucas,22.89,-109.91,87.01,48,5,3.36,MX,1603731930
247,airai,-8.93,125.41,61.83,100,96,2.17,TL,1603731931
248,ntoum,0.38,9.78,80.6,83,20,4.7,GA,1603731931
249,zhigansk,66.77,123.37,-2.11,91,100,12.19,RU,1603731931
251,ancud,-41.87,-73.82,50,93,90,17.22,CL,1603731704
252,payson,40.04,-111.73,26.01,41,1,9.17,US,1603731860
253,narsaq,60.92,-46.05,46.4,28,75,19.46,GL,1603731677
254,ola,59.58,151.28,32.94,85,100,14.7,RU,1603731932
255,sao filipe,14.9,-24.5,82.78,68,100,12.17,CV,1603731932
256,kiama,-34.68,150.87,55.99,92,99,16.22,AU,1603731932
257,pangai,-19.8,-174.35,76.15,79,66,16.87,TO,1603731932
258,pemangkat,1.17,108.97,76.53,86,100,4.36,ID,1603731932
259,adre,13.47,22.2,81.01,24,34,2.77,TD,1603731933
260,rio gallegos,-51.62,-69.22,62.6,29,40,26.4,AR,1603731768
261,riyadh,24.69,46.72,75.2,27,0,3.36,SA,1603731769
262,puebloviejo,10.99,-74.28,87.8,70,40,3.36,CO,1603731934
263,jaciara,-15.97,-54.97,97.48,34,28,8.32,BR,1603731934
264,balikpapan,-1.27,116.83,76.1,90,93,4.56,ID,1603731935
265,erenhot,43.65,111.98,32.77,73,0,8.81,CN,1603731935
267,bandarbeyla,9.49,50.81,77.29,75,85,13.87,SO,1603731935
268,dutse,11.76,9.34,82.69,22,7,5.3,NG,1603731935
269,tomohon,1.33,124.84,75.2,94,20,1.12,ID,1603731936
270,roald,62.58,6.13,48.99,81,0,6.93,NO,1603731936
271,shirokiy,49.76,129.52,35.38,85,100,6.91,RU,1603731936
272,lovozero,68,35.01,35.76,96,100,9.42,RU,1603731936
273,lamu,-2.27,40.9,80.6,78,1,5.82,KE,1603731936
274,porto novo,6.5,2.6,84.2,79,40,9.17,BJ,1603731671
275,saint anthony,45.02,-93.22,28.99,53,20,9.17,US,1603731937
276,newport,51.59,-3,53.01,80,11,1.01,GB,1603731669
277,cancun,21.17,-86.85,86,70,75,19.46,MX,1603731788
278,samarai,-10.62,150.67,81.07,83,97,8.25,PG,1603731646
279,chardara,41.25,67.97,58.37,43,11,6.22,KZ,1603731939
280,kruisfontein,-34,24.73,63,92,98,5.99,ZA,1603731939
281,sur,22.57,59.53,74.68,64,0,5.08,OM,1603731939
282,vanino,49.09,140.25,34.72,86,68,5.1,RU,1603731939
283,cravo norte,6.3,-70.2,89.35,61,21,8.72,CO,1603731939
284,thayetmyo,19.32,95.18,76.39,91,60,2.13,MM,1603731941
285,rio grande,-32.03,-52.1,72,92,100,7.02,BR,1603731941
286,barra,-11.09,-43.14,88.95,45,56,7.65,BR,1603731941
287,jacareacanga,-6.22,-57.75,98.1,36,18,3.36,BR,1603731942
288,sarab,38.61,44.99,61.3,35,42,0.76,IR,1603731942
289,vanavara,60.34,102.28,23.05,93,100,2.62,RU,1603731942
290,danjiangkou,32.54,111.51,60.01,50,94,3.29,CN,1603731910
291,bambous virieux,-20.34,57.76,75.2,73,40,11.41,MU,1603731943
292,whyalla,-33.03,137.58,57.2,82,90,6.93,AU,1603731943
293,ponta do sol,32.67,-17.1,68,72,75,9.17,PT,1603731944
294,bilma,18.69,12.92,78.12,18,0,4.47,NE,1603731944
295,luganville,-15.53,167.17,77.11,85,67,9.89,VU,1603731945
296,isangel,-19.55,169.27,72.48,79,4,9.08,VU,1603731817
298,asyut,27.18,31.18,82.4,45,0,11.41,EG,1603731894
299,kosai,34.71,137.53,57.99,79,6,1.99,JP,1603731945
300,tautira,-17.73,-149.15,78.8,78,75,3.36,PF,1603731945
301,murray bridge,-35.12,139.27,53.01,98,99,3.13,AU,1603731946
302,eagle,43.7,-116.35,33.01,58,1,2.98,US,1603731947
303,vila,42.03,-8.16,51.01,88,84,10,PT,1603731891
304,ishigaki,24.34,124.16,77.11,68,55,15.23,JP,1603731948
305,la ronge,55.1,-105.28,23,62,5,8.05,CA,1603731826
306,santiago del estero,-27.8,-64.26,84.36,14,0,7.16,AR,1603731653
307,gwanda,-20.93,29,78.84,18,15,9.04,ZW,1603731948
308,high level,58.52,-117.14,17.6,78,75,3.74,CA,1603731948
309,pisco,-13.7,-76.22,69.01,77,0,10.29,PE,1603731948
310,yumen,40.28,97.2,32.45,73,100,3.62,CN,1603731949
311,waingapu,-9.66,120.26,79.9,75,59,4.7,ID,1603731949
312,bandar-e anzali,37.47,49.46,64.4,100,75,2.24,IR,1603731949
313,banda aceh,5.56,95.32,80.24,77,100,10.85,ID,1603731949
314,chatrapur,19.35,84.98,77.31,68,0,2.98,IN,1603731949
315,kahului,20.89,-156.47,75.2,69,20,6.76,US,1603731829
316,vila velha,-20.33,-40.29,82.4,65,40,19.46,BR,1603731640
317,cherskiy,68.75,161.3,5.68,92,15,5.46,RU,1603731950
319,tierralta,8.17,-76.06,86.4,67,57,3.38,CO,1603731951
320,san jose,37.34,-121.89,62.01,16,20,3.36,US,1603731907
321,codrington,-38.27,141.97,46.71,73,99,12.19,AU,1603731854
322,ilulissat,69.22,-51.1,19.4,62,75,4.7,GL,1603731882
323,klaksvik,62.23,-6.59,42.8,75,21,6.93,FO,1603731952
324,yuli,9.7,10.27,84.09,28,8,3.51,NG,1603731952
325,maryville,35.76,-83.97,72,83,75,5.82,US,1603731952
326,virginia beach,36.85,-75.98,66.2,88,90,14.99,US,1603731701
327,blackfoot,43.19,-112.34,24.01,36,41,2.3,US,1603731952
328,port-gentil,-0.72,8.78,80.6,83,75,10.29,GA,1603731953
329,de-kastri,51.47,140.78,34.11,87,0,6.24,RU,1603731953
330,colares,38.8,-9.45,62.01,59,20,10.29,PT,1603731953
331,exu,-7.51,-39.72,100.08,22,10,6.55,BR,1603731954
332,acapulco,16.86,-99.89,84.2,79,75,2.35,MX,1603731737
333,luau,-10.71,22.22,75.78,60,53,3.31,AO,1603731848
334,henties bay,-22.12,14.28,59,89,1,1.01,NA,1603731954
335,pacific grove,36.62,-121.92,60.01,25,1,4.7,US,1603731686
336,ayrum,41.19,44.9,59,82,0,6.93,AM,1603731955
337,salina,38.84,-97.61,25,79,90,17.22,US,1603731686
338,coos bay,43.37,-124.22,50,45,1,5.82,US,1603731956
339,risti,59,24.06,51.01,100,90,8.05,EE,1603731956
340,makakilo city,21.35,-158.09,73,94,20,3.36,US,1603731890
341,moron,-34.65,-58.62,73,35,0,11.41,AR,1603731957
342,atar,20.52,-13.05,99.81,9,22,13.96,MR,1603731729
343,parainen,60.31,22.3,51.8,93,90,9.17,FI,1603731957
344,norman wells,65.28,-126.83,23,79,75,19.46,CA,1603731957
345,amalner,21.05,75.07,78.78,41,0,3.53,IN,1603731957
346,hualmay,-11.1,-77.61,70.52,65,54,9.84,PE,1603731881
347,catuday,16.29,119.81,80.98,78,100,20.67,PH,1603731958
348,meadow lake,34.8,-106.54,37.99,63,90,40.26,US,1603731769
349,alyangula,-13.85,136.42,77,88,40,1.12,AU,1603731958
350,havre-saint-pierre,50.23,-63.6,35.6,59,20,6.93,CA,1603731897
351,beloha,-25.17,45.05,72.01,76,0,8.16,MG,1603731959
352,huarmey,-10.07,-78.15,70.75,64,46,10.27,PE,1603731959
353,salinas,36.68,-121.66,62.01,70,1,5.82,US,1603731921
354,aleksandrow kujawski,52.88,18.69,53.01,90,100,1.99,PL,1603731872
355,lashio,22.93,97.75,66.42,99,27,1.66,MM,1603731960
356,sambava,-14.27,50.17,74.14,80,5,8.52,MG,1603731960
357,srednekolymsk,67.45,153.68,7.54,91,0,7.36,RU,1603731960
358,faanui,-16.48,-151.75,79.61,77,99,11.65,PF,1603731960
359,villa guerrero,18.87,-99.65,75.2,41,40,3.53,MX,1603731960
360,saint-augustin,51.23,-58.65,38.57,60,85,12.03,CA,1603731722
361,guilin,25.28,110.29,71.6,68,90,6.71,CN,1603731961
362,faya,18.39,42.45,71.6,9,0,5.82,SA,1603731961
363,tucumcari,35.17,-103.72,19.4,85,90,17.22,US,1603731961
364,bac lieu,9.29,105.72,76.15,84,100,6.91,VN,1603731747
366,dingle,11,122.67,76.01,91,100,7.2,PH,1603731962
367,bend,44.06,-121.32,24.8,45,75,8.05,US,1603731962
368,camacha,33.08,-16.33,69.8,64,20,13.87,PT,1603731962
369,cayenne,4.93,-52.33,89.6,55,14,11.41,GF,1603731962
370,udachnyy,66.42,112.4,-4,91,90,2.24,RU,1603731962
371,malmesbury,-33.46,18.73,72,75,100,4,ZA,1603731963
372,lagos,6.58,3.75,82.4,88,75,2.24,NG,1603731764
373,eydhafushi,5.1,73.07,82.62,76,6,10.27,MV,1603731963
374,hobyo,5.35,48.53,79.79,79,1,9.08,SO,1603731963
376,coihaique,-45.58,-72.07,53.6,58,75,10.29,CL,1603731664
377,kilimatinde,-5.85,34.95,80.02,40,77,8.39,TZ,1603731963
378,namatanai,-3.67,152.43,79.81,73,81,3.98,PG,1603731964
379,simpang,-1.27,104.08,74.23,90,75,1.68,ID,1603731964
380,fonte boa,-2.5,-66.27,86.16,66,81,3.8,BR,1603731964
381,alofi,-19.06,-169.92,74.66,84,99,22.82,NU,1603731964
382,flinders,-34.58,150.86,55.99,91,98,3,AU,1603731964
383,lyuban,52.8,28,50.68,78,33,12.06,BY,1603731964
384,mustang,35.38,-97.72,32,92,90,17.22,US,1603731965
385,lompoc,34.64,-120.46,55.4,82,1,5.82,US,1603731950
386,labuhan,-6.88,112.21,80.33,82,93,7.61,ID,1603731965
387,bago,17.34,96.48,78.8,94,40,6.93,MM,1603731786
388,antalaha,-14.9,50.28,72.5,79,2,7.43,MG,1603731966
389,florencia,43.77,11.25,66.2,63,40,9.17,IT,1603731966
390,chicama,-7.84,-79.15,64.4,82,52,9.17,PE,1603731966
391,fairbanks,64.84,-147.72,30.2,92,90,8.05,US,1603731681
392,hofn,64.25,-15.21,39.2,93,20,16.11,IS,1603731786
393,mumford,5.26,-0.76,79.66,85,83,11.14,GH,1603731966
394,saint-pierre,-21.34,55.48,71.6,88,53,3.36,RE,1603731823
395,batemans bay,-35.72,150.18,52,97,100,1.99,AU,1603731967
396,durban,-29.86,31.03,68,82,90,5.82,ZA,1603731677
397,buala,-8.14,159.59,79.18,79,76,2.91,SB,1603731844
398,bilibino,68.05,166.44,11.16,94,100,3.06,RU,1603731967
399,egvekinot,66.32,-179.17,19.31,95,31,2.04,RU,1603731967
400,fuengirola,36.54,-4.62,64.4,45,20,14.99,ES,1603731968
401,krasnoshchekovo,51.67,82.73,39.97,69,100,7.56,RU,1603731968
402,poum,-20.23,164.02,75.97,80,1,15.99,NC,1603731968
403,port macquarie,-31.43,152.92,57.99,87,62,14.43,AU,1603731839
404,ozd,48.22,20.3,55.92,84,31,6.93,HU,1603731968
405,tela,15.78,-87.45,80.6,88,90,2.24,HN,1603731968
406,nouakchott,18.09,-15.98,104,7,0,17.22,MR,1603731920
407,caconda,-13.73,15.07,73.26,56,87,11.45,AO,1603731969
409,gurupa,-1.41,-51.64,97.34,38,19,3.22,BR,1603731969
410,auriflama,-20.69,-50.55,90.23,40,100,5.68,BR,1603731969
411,saint-georges,12.06,-61.75,86,74,20,20.8,GD,1603731969
412,cam ranh,11.92,109.16,78.8,100,40,1.12,VN,1603731969
413,khandyga,62.67,135.6,14.09,86,99,2.95,RU,1603731970
414,tahoua,14.89,5.27,95,9,0,4.7,NE,1603731970
415,tucupita,9.06,-62.05,84.18,80,34,4.72,VE,1603731970
416,celestun,20.87,-90.4,81.75,84,86,13.6,MX,1603731970
417,erzin,36.96,36.2,82.99,40,100,5.82,TR,1603731971
418,goba,7.02,39.98,52.99,79,94,0.58,ET,1603731971
419,weston-super-mare,51.35,-2.98,54,81,75,12.75,GB,1603731971
420,raudeberg,61.99,5.14,46.99,85,10,10.54,NO,1603731906
421,ulladulla,-35.35,150.47,53.6,100,75,10.29,AU,1603731971
422,asau,46.43,26.4,54,98,51,1.19,RO,1603731971
423,sioux lookout,50.1,-91.92,24.8,79,75,9.17,CA,1603731972
424,touros,-5.2,-35.46,86,62,75,16.11,BR,1603731861
425,calatagan,13.88,120.65,80.31,81,100,17.69,PH,1603731972
426,vanimo,-2.67,141.3,76.21,79,94,4.21,PG,1603731973
427,bowen,-20.02,148.23,71.6,88,100,2.24,AU,1603731908
428,ust-maya,60.42,134.53,9.55,92,38,2.98,RU,1603731973
430,perleberg,53.07,11.87,51.01,92,100,5.28,DE,1603731973
431,putina,-15.47,-69.43,55.4,43,12,7.36,PE,1603731974
432,nizhnevartovsk,60.93,76.55,24.8,92,90,13.42,RU,1603731808
433,vangaindrano,-23.35,47.6,70.45,81,6,5.7,MG,1603731974
434,del rio,29.36,-100.9,51.8,81,90,17.22,US,1603731974
435,kisoro,-1.29,29.68,60.48,95,100,1.83,UG,1603731975
436,birin,26.89,88.07,71.6,94,40,2.24,NP,1603731975
437,green river,41.53,-109.47,1.4,84,1,8.05,US,1603731892
438,prince rupert,54.32,-130.32,48.2,93,90,19.46,CA,1603731975
439,wasilla,61.58,-149.44,34,91,90,4.7,US,1603731711
440,harper,4.38,-7.72,80.1,84,67,8.57,LR,1603731975
441,oum hadjer,13.3,19.7,90.54,14,29,8.39,TD,1603731976
443,stepnoye,51.4,46.87,44.01,73,21,4,RU,1603731976
444,solnechnyy,50.72,136.63,33.24,73,0,1.72,RU,1603731977
445,ejido,8.55,-71.24,77.85,56,71,5.28,VE,1603731977
446,puerto madryn,-42.77,-65.04,71.96,26,52,8.86,AR,1603731862
448,elat,29.56,34.95,84.2,62,0,6.93,IL,1603731978
449,rawson,-43.3,-65.1,71.29,24,44,14.72,AR,1603731979
450,jawhar,2.78,45.5,80.26,74,72,12.71,SO,1603731979
451,caucaia,-3.74,-38.65,86,66,20,13.87,BR,1603731798
452,yabassi,4.46,9.97,78.19,90,70,3.36,CM,1603731980
453,gigmoto,13.78,124.39,79.36,85,100,7.54,PH,1603731918
454,marawi,8,124.29,75.99,92,98,5.01,PH,1603731981
456,coxim,-18.51,-54.76,94.35,41,100,11.18,BR,1603731981
457,san patricio,28.02,-97.52,84.99,66,75,19.46,US,1603731981
458,cerrito,6.84,-72.69,80.6,61,40,4.7,CO,1603731982
459,sept-iles,50.2,-66.38,34,59,90,9.17,CA,1603731704
460,talcahuano,-36.72,-73.12,59,54,0,17.22,CL,1603731983
461,mmabatho,-25.85,25.63,82.4,26,37,11.41,ZA,1603731983
462,tuatapere,-46.13,167.68,45.61,80,95,0.94,NZ,1603731719
463,mackenzie,55.3,-123.17,24.8,85,90,10.29,CA,1603731983
464,kailua,21.4,-157.74,75.2,94,20,3.8,US,1603731853
465,beringovskiy,63.05,179.32,30.47,92,0,2.26,RU,1603731839
466,muswellbrook,-32.27,150.9,57,80,98,1.01,AU,1603731985
467,odesskoye,54.21,72.97,46.04,79,100,21.09,RU,1603731985
468,weston,26.1,-80.4,89.01,79,40,10.29,US,1603731769
469,tokat,40.42,36.58,58.23,34,30,2.51,TR,1603731985
470,gambiran,-6.8,111.5,78.39,84,96,2.98,ID,1603731985
471,sao paulo do potengi,-5.89,-35.76,86,62,75,16.11,BR,1603731985
472,abha,18.22,42.51,71.6,9,0,5.82,SA,1603731986
473,yar-sale,66.83,70.83,8.02,95,9,7.96,RU,1603731866
474,tevaitoa,-16.78,-151.5,80.24,75,98,11.56,PF,1603731986
475,coahuayana,18.73,-103.68,78.8,74,40,1.54,MX,1603731986
476,kalmunai,7.42,81.82,80.8,77,31,2.1,LK,1603731986
478,praia da vitoria,38.73,-27.07,75.2,60,20,12.48,PT,1603731987
479,manicore,-5.81,-61.3,99.07,37,63,4.79,BR,1603731786
480,ibotirama,-12.19,-43.22,96.17,33,84,5.21,BR,1603731987
481,guerrero negro,27.98,-114.06,72.03,57,62,16.62,MX,1603731987
482,vostok,46.49,135.88,28.17,99,0,3.42,RU,1603731854
483,karratha,-20.74,116.85,71.92,81,39,14.32,AU,1603731888
484,nokaneng,-19.67,22.27,87.58,12,0,9.46,BW,1603731989
485,lorengau,-2.02,147.27,79.66,72,66,0.2,PG,1603731794
486,kavaratti,10.57,72.64,83.05,71,68,6.22,IN,1603731827
487,los llanos de aridane,28.66,-17.92,73.4,60,20,12.75,ES,1603731990
488,alexandria,31.22,29.96,77,73,40,14.99,EG,1603731765
489,lagoa,39.05,-27.98,67.3,87,0,24.63,PT,1603731991
490,jinchang,38.5,102.17,41.83,51,82,2.75,CN,1603731991
491,meulaboh,4.14,96.13,77.86,85,99,3.89,ID,1603731991
492,cabedelo,-6.98,-34.83,86,66,40,11.41,BR,1603731767
493,mehamn,71.04,27.85,33.8,80,0,21.92,NO,1603731992
494,knyaginino,55.82,45.03,30.76,95,30,3.06,RU,1603731992
495,phangnga,8.45,98.53,84,88,40,5.82,TH,1603731993
497,penha,-26.77,-48.65,77,78,20,17.22,BR,1603731993
498,caorle,45.6,12.88,64,87,62,7,IT,1603731993
499,manggar,-2.88,108.27,79.11,81,100,3.47,ID,1603731994
500,jiaocheng,24.68,116.14,67.32,68,58,2.66,CN,1603731994
502,clearwater,27.97,-82.8,88,66,0,6.93,US,1603731994
503,iqaluit,63.75,-68.51,14,78,75,2.24,CA,1603731994
504,chisec,15.82,-90.28,82.54,63,100,3.6,GT,1603731994
505,dixon,38.45,-121.82,62.01,12,1,19.46,US,1603731995
507,ilo,-17.64,-71.34,68,72,20,8.05,PE,1603731995
508,vilhena,-12.74,-60.15,93.65,38,90,5.26,BR,1603731995
509,pangnirtung,66.15,-65.71,23,62,75,9.17,CA,1603731995
510,verkhnevilyuysk,63.45,120.32,11.25,90,100,6.22,RU,1603731995
511,santa ana,33.75,-117.87,64.99,8,20,23.04,US,1603731862
512,longyearbyen,78.22,15.64,21.2,79,40,8.05,SJ,1603731852
513,kaluga,54.5,35.5,44.6,75,75,2.24,RU,1603731996
514,saldanha,-33.01,17.94,71.6,49,100,12.75,ZA,1603731996
515,kochubey,44.39,46.58,52.7,79,20,8.23,RU,1603731996
516,terra nova,-12.37,-40.67,90.9,41,66,3.44,BR,1603731996
517,liancheng,24.05,105.08,62.74,96,84,1.86,CN,1603731997
518,reconquista,-29.15,-59.65,77.16,50,59,14.65,AR,1603731997
519,talara,-4.58,-81.27,77,65,0,11.41,PE,1603731997
520,tambura,5.6,27.47,73.71,88,100,1.5,SS,1603731997
521,libertador general san martin,-23.81,-64.79,90.3,23,59,3.11,AR,1603731721
522,georgiyevskoye,58.73,45.02,30.96,94,100,0.92,RU,1603731997
524,sola,-13.88,167.55,80.08,81,87,18.37,VU,1603731998
525,nyurba,63.28,118.33,13.35,86,100,5.12,RU,1603731998
526,nguru,12.88,10.45,88.27,15,2,7.02,NG,1603731998
527,almaznyy,48.04,40.05,53.6,62,0,15.66,RU,1603731998
528,korla,41.76,86.15,44.01,76,97,1.99,CN,1603731998
529,keti bandar,24.14,67.45,80.38,53,0,7.56,PK,1603731999
532,mahenge,-8.68,36.72,72.14,65,51,0.89,TZ,1603731999
533,kologriv,58.83,44.32,31.21,94,99,1.95,RU,1603731999
534,dawei,14.08,98.2,75.38,91,43,1.77,MM,1603732000
535,zhireken,52.82,117.31,25.66,91,99,8.1,RU,1603732000
536,whitley bay,55.04,-1.45,51.01,81,20,20.8,GB,1603732000
537,olovo,44.13,18.58,55.4,87,0,4.7,BA,1603732000
538,asfi,32.3,-9.24,68.81,75,2,18.48,MA,1603732000
539,mingguang,32.78,117.96,59.5,74,70,2.93,CN,1603732001
540,okha,53.57,142.95,39.88,84,98,13.04,RU,1603732002
541,chake chake,-5.25,39.77,77.04,79,14,6.85,TZ,1603731728
542,coffs harbour,-30.3,153.13,59,93,9,4.7,AU,1603732002
544,basco,20.45,121.97,80.82,83,96,27.07,PH,1603732002
545,gautier,30.39,-88.61,75.2,73,40,6.93,US,1603732003
546,male,4.17,73.51,84.2,79,40,10.29,MV,1603731748
547,zhangzhou,24.51,117.66,73.4,64,0,13.42,CN,1603732003
548,marsh harbour,26.54,-77.06,82.92,73,0,8.68,BS,1603731845
549,lacombe,52.47,-113.74,30.99,74,90,5.82,CA,1603732003
550,nome,64.5,-165.41,33.8,80,90,5.57,US,1603732003
551,lazo,43.38,133.9,35.69,82,0,2.33,RU,1603732004
552,liberia,6.5,-9.5,84.09,68,11,4.99,LR,1603732004
553,cahors,44.42,1.33,53.6,81,68,10.29,FR,1603732004
554,nanortalik,60.14,-45.24,36.05,87,100,6.24,GL,1603732004
555,progreso,21.28,-89.67,84.2,79,75,3.36,MX,1603732004
556,haines junction,60.75,-137.51,38.55,85,100,8.01,CA,1603732004
557,kigali,-1.95,30.06,68,77,75,6.93,RW,1603732005
558,bereznik,62.86,42.71,28.94,97,99,6.89,RU,1603732005
559,san carlos,9.66,-68.58,86.61,69,45,1.97,VE,1603731829
560,pochutla,15.74,-96.47,89.01,66,75,4.25,MX,1603732005
561,berlevag,70.86,29.09,35.6,80,20,16.11,NO,1603732005
562,staryy nadym,65.61,72.68,8.83,95,4,10.42,RU,1603732005
563,port hedland,-20.32,118.57,71.6,88,31,9.17,AU,1603732006
564,swan river,52.11,-101.27,18.79,85,100,14.38,CA,1603732006
565,adrar,20.5,-10.07,96.91,9,0,10.83,MR,1603731729
566,ayagoz,47.97,80.44,38.32,70,100,4.03,KZ,1603732007
567,kyaukse,21.6,96.13,78.8,83,40,2.24,MM,1603732007
569,arlit,18.74,7.39,87.39,12,0,7.83,NE,1603732004
570,san vicente,-26.62,-54.13,68.31,95,100,5.48,AR,1603732009
571,kurunegala,7.49,80.36,80.6,88,20,2.24,LK,1603732009
572,okhotsk,59.38,143.3,28.33,82,0,18.48,RU,1603732010
573,quatre cocos,-20.21,57.76,75.2,73,40,11.41,MU,1603732010
574,aviles,43.55,-5.92,59,76,40,17.22,ES,1603732010
575,norfolk,42.17,-71.25,54,76,98,6.93,US,1603732010
576,te anau,-45.42,167.72,41.11,84,68,2.64,NZ,1603732010
577,constitucion,-35.33,-72.42,59.92,52,76,19.69,CL,1603731840
578,el tigre,8.89,-64.25,88.45,51,1,8.75,VE,1603731997
579,mathathane,-22.27,28.75,84.47,19,0,14.9,BW,1603732011
580,lisakovsk,52.54,62.49,35.06,82,98,24.05,KZ,1603732011
581,abu dhabi,24.47,54.37,84.2,51,0,5.82,AE,1603731905
582,batagay,67.63,134.63,4.19,87,99,1.97,RU,1603731699
583,inhambane,-23.86,35.38,78.8,74,20,6.93,MZ,1603732011
584,suzhou,31.31,120.62,64,96,3,5.12,CN,1603731904
585,mitsamiouli,-11.38,43.28,78.96,74,15,11.03,KM,1603732012
586,sao joao da barra,-21.64,-41.05,78.8,69,75,6.93,BR,1603731859
587,yulara,-25.24,130.99,66.2,24,0,8.05,AU,1603732012
588,bodden town,19.28,-81.25,84.2,83,20,9.17,KY,1603732012
589,russellville,35.28,-93.13,48.99,93,90,3.36,US,1603731736
590,svetlogorsk,52.63,29.73,48.43,83,49,10.69,BY,1603732013
592,vermes,45.52,21.66,57.2,93,0,5.82,RO,1603732013
593,muros,42.78,-9.06,55.99,84,76,3,ES,1603732013
594,chunskiy,56.08,99.63,28.36,93,99,4.56,RU,1603732014
595,katobu,-4.94,122.53,76.06,88,79,2.73,ID,1603732014
596,toamasina,-18.17,49.38,75.2,78,20,2.24,MG,1603732014
597,dharmanagar,24.37,92.17,73.9,94,3,0.98,IN,1603732014
598,slave lake,55.28,-114.77,28.4,58,1,12.75,CA,1603732014
599,huzhou,30.87,120.09,64.99,70,9,3.91,CN,1603732014
600,namibe,-15.2,12.15,70.12,79,85,9.22,AO,1603731783
601,tecoanapa,16.52,-98.75,87.64,64,39,2.55,MX,1603731836
602,manbij,36.53,37.95,66.2,34,0,5.35,SY,1603732015
603,vestmanna,62.16,-7.17,42.8,75,42,6.93,FO,1603732015
604,bonavista,48.65,-53.11,39.99,51,26,11.99,CA,1603731997
605,bonoua,5.27,-3.6,78.8,94,40,5.82,CI,1603732015
606,aksu,41.12,80.26,48.09,46,56,3,CN,1603732016
608,mangochi,-14.48,35.26,82,48,49,7.27,MW,1603731727
609,talgar,43.3,77.24,44.6,56,40,4.47,KZ,1603732016
610,axim,4.87,-2.24,80.69,81,89,9.26,GH,1603732016
612,mogadishu,2.04,45.34,80.73,82,30,8.93,SO,1603731896
613,port moresby,-9.44,147.18,75.7,91,98,2.84,PG,1603732017
615,bubaque,11.28,-15.83,83.95,76,1,12.53,GW,1603731910
616,inuvik,68.35,-133.72,6.8,92,75,8.05,CA,1603732017
617,asilah,35.47,-6.03,64.4,52,0,11.41,MA,1603732017
618,kenora,49.82,-94.43,24.8,73,75,11.41,CA,1603732017
619,bendigo,-36.77,144.28,51.01,50,90,1.01,AU,1603732017
620,peterhead,57.51,-1.8,50,81,75,6.93,GB,1603732018
621,languyan,5.26,120.08,81.25,81,100,12.01,PH,1603732018
622,haverfordwest,51.8,-4.97,53.6,76,38,20.8,GB,1603732018
623,pozo colorado,-23.49,-58.8,81.79,62,100,6.96,PY,1603732018
624,matveyevka,52.15,56.18,33.8,86,75,20.13,RU,1603732019
625,taywarah,33.35,64.42,31.37,85,0,1.01,AF,1603732020
626,saint joseph,39.77,-94.85,28.99,74,90,16.11,US,1603732020
627,carauari,-4.88,-66.9,93.43,49,67,2.84,BR,1603732020
628,rabat,33.99,-6.84,64.4,63,75,8.05,MA,1603731809
629,mangrol,21.12,70.12,83.34,64,0,3.56,IN,1603732020
630,nicoya,10.15,-85.45,86,74,75,6.93,CR,1603732020
631,maputo,-25.97,32.59,77,78,20,12.75,MZ,1603732021
632,thunder bay,48.4,-89.32,30.2,54,75,12.75,CA,1603731946
633,gamba,-2.65,10,76.96,86,100,8.08,GA,1603732021
634,barreirinhas,-2.75,-42.83,90.93,49,37,13.35,BR,1603732021
635,limoux,42.92,2.17,53.6,71,75,16.11,FR,1603732021
636,buraydah,26.33,43.98,80.6,18,0,4.7,SA,1603732022
637,verkhoyansk,67.54,133.38,4.48,88,100,2.44,RU,1603732006
638,sfantu gheorghe,45.87,25.78,51.01,86,35,0.96,RO,1603732023
639,sarankhola,22.31,89.79,75.78,80,0,2.26,BD,1603732023
640,half moon bay,37.46,-122.43,61,14,1,12.33,US,1603732023
641,taungdwingyi,20.02,95.55,76.41,90,93,1.32,MM,1603732023
643,gimli,50.63,-96.99,27,98,18,8.99,CA,1603732024
645,ugoofaaru,5.67,73,82.58,77,0,10.67,MV,1603732024
646,yabelo,4.88,38.08,62.15,90,63,8.66,ET,1603732026
649,forbes,-33.38,148.02,51.08,71,84,9.26,AU,1603732027
650,christiana,-27.91,25.16,69.98,56,98,2.64,ZA,1603732027
651,kingori,-3.28,36.98,82.4,42,40,11.41,TZ,1603732027
652,antofagasta,-23.65,-70.4,69.01,59,20,13.87,CL,1603732027
653,boddam,57.47,-1.78,50,81,75,6.93,GB,1603732027
654,kampene,-3.6,26.67,72.27,93,92,1.45,CD,1603732028
655,comodoro rivadavia,-45.87,-67.5,62.6,36,0,24.16,AR,1603732028
656,augusto correa,-1.02,-46.63,89.56,55,4,8.84,BR,1603732028
657,berdigestyakh,62.1,126.7,16.61,95,100,6.51,RU,1603732019
658,tocopilla,-22.09,-70.2,68.16,47,7,6.02,CL,1603732028
659,panacan,9.25,118.41,77,88,75,4.7,PH,1603732029
662,pemba,-12.97,40.52,78.91,77,0,11.77,MZ,1603732029
663,kandrian,-6.22,149.55,77.52,84,100,4.36,PG,1603732029
664,mozarlandia,-14.74,-50.57,94.06,40,41,9.86,BR,1603732030
665,kupang,-10.17,123.58,79.83,81,60,7.63,ID,1603732030
666,santa rosa,14.31,121.11,80.6,83,75,10.29,PH,1603731915
667,flin flon,54.77,-101.86,19.4,67,40,11.41,CA,1603732033
668,kieta,-6.22,155.63,78.26,76,75,1.99,PG,1603732033
669,penzance,50.12,-5.54,53.6,81,20,23.04,GB,1603732033
670,ukiah,39.15,-123.21,59,30,1,2.8,US,1603731460
671,sayyan,15.17,44.32,56.61,31,0,4.16,YE,1603732034
672,doha,25.29,51.53,84.2,62,0,5.82,QA,1603731806
673,martapura,-3.42,114.85,75.2,100,20,1.12,ID,1603732034
674,vung tau,10.35,107.08,80.22,80,100,5.3,VN,1603731835
675,luba,3.46,8.55,79.83,82,80,10.92,GQ,1603732034
676,petropavlovka,50.61,105.32,26.64,79,9,2.91,RU,1603732035
677,ayan,56.45,138.17,32.07,76,0,3.11,RU,1603732036
678,kihei,20.79,-156.47,75.2,69,20,3.53,US,1603732034
679,alugan,12.22,125.48,79.11,83,100,7.36,PH,1603732036
680,kedrovyy,56.17,91.82,35.6,93,40,4.47,RU,1603732036
681,kawalu,-7.38,108.21,72.77,93,100,2.42,ID,1603732037
682,shelburne,44.08,-80.2,41,80,75,2.24,CA,1603732037
683,jalu,29.03,21.55,74.48,47,37,8.52,LY,1603732037
685,boende,-0.22,20.87,74.46,94,79,1.36,CD,1603732037
686,biscarrosse,44.39,-1.17,53.6,81,24,6.93,FR,1603731746
687,orthez,43.49,-0.77,55.99,87,55,11.41,FR,1603732038
688,aloleng,16.13,119.78,81.63,75,100,20.4,PH,1603732038
689,port keats,-14.25,129.55,77.29,86,89,9.33,AU,1603732038
690,weinan,34.5,109.51,60.01,66,98,2.24,CN,1603732038
691,alghero,40.56,8.32,57.2,93,40,4.7,IT,1603732038
692,nexo,55.06,15.13,53.6,100,100,6.93,DK,1603732038
694,nemuro,43.32,145.57,50.22,76,93,8.39,JP,1603732039
695,itarema,-2.92,-39.92,86.45,59,33,16.51,BR,1603732001
696,ust-barguzin,53.45,108.98,25.75,90,87,0.83,RU,1603732039
698,kurilsk,45.23,147.88,47.3,71,71,14.09,RU,1603732039
699,luwuk,-0.95,122.79,77.67,74,100,3.58,ID,1603732040
700,palencia,42.42,-4.5,51.01,57,59,5.99,ES,1603732040
701,unai,-16.36,-46.91,86.04,56,8,6.38,BR,1603732040
702,lucapa,-8.42,20.74,71.01,92,97,3.22,AO,1603732040
703,kerman,30.28,57.08,60.8,14,0,4.7,IR,1603732040
704,freeport,40.66,-73.58,59,87,90,13.87,US,1603731757
705,taian,36.19,117.12,64,56,11,2.77,CN,1603732041
706,port-cartier,50.03,-66.87,34,59,90,9.17,CA,1603732041
707,jhanjharpur,26.27,86.28,71.91,43,0,5.35,IN,1603732041
708,eslamshahr,35.56,51.23,64.4,24,20,1.88,IR,1603732042
709,skjervoy,70.03,20.97,35.6,74,0,12.75,NO,1603732043
710,yerbogachen,61.28,108.01,20.39,90,66,1.03,RU,1603732043
711,tessalit,20.2,1.01,91.44,11,0,8.39,ML,1603732043
712,bolivar,37.61,-93.41,35.01,94,100,12.64,US,1603731877
713,lindi,-10,39.72,78.8,78,40,10.29,TZ,1603732043
714,casper,42.87,-106.31,15.01,77,1,12.75,US,1603732044
715,russkaya polyana,49.42,31.92,53.73,66,74,11.68,UA,1603732047
716,la rioja,42.25,-2.5,55.4,58,20,11.41,ES,1603732047
717,novaya zaimka,56.49,66.92,41.5,94,100,20.56,RU,1603732048
718,yuksekova,37.57,44.29,53.6,27,0,10.29,TR,1603732048
719,verkhniy uslon,55.77,48.98,33.8,59,75,13.42,RU,1603732049
720,khor,47.89,134.95,36.48,90,0,3.31,RU,1603732049
721,yinchuan,38.47,106.27,45.82,46,73,7.25,CN,1603731955
722,manokwari,-0.87,134.08,78.94,75,3,3.91,ID,1603732049
723,powassan,46.03,-79.35,39,70,90,6.93,CA,1603732049
724,ust-tsilma,65.44,52.15,15.15,96,60,1.5,RU,1603732049
725,naryan-mar,67.67,53.09,17.19,94,98,6.58,RU,1603732050
726,marabba,12.35,32.18,92.14,20,0,5.3,SD,1603732051
727,buy,58.48,41.53,32.14,96,10,5.01,RU,1603732051
729,rincon,32.3,-81.24,73.4,78,90,3.36,US,1603732051
730,puerto leguizamo,-0.19,-74.78,94.28,44,49,4.9,CO,1603732051
731,maneadero,31.72,-116.57,66,62,7,3,MX,1603732052
732,black forest,39.01,-104.7,10.4,77,90,8.05,US,1603732052
733,nabire,-3.37,135.48,75.27,88,92,3.91,ID,1603732052
735,boshnyakovo,49.63,142.17,38.91,86,93,9.73,RU,1603732052
736,envira,-7.3,-70.22,94.57,47,3,3.4,BR,1603732053
737,muscle shoals,34.74,-87.67,64.99,82,90,4.7,US,1603732053
738,biltine,14.53,20.92,88.23,13,10,7.81,TD,1603732053
739,marktheidenfeld,49.84,9.6,46,91,100,7.18,DE,1603732053
741,yeola,20.03,74.48,74.21,54,7,9.1,IN,1603732054
742,kokkola,63.84,23.13,46,100,100,8.05,FI,1603732054
743,troitsko-pechorsk,62.71,56.2,19.26,97,0,4.9,RU,1603732054
744,ciudad bolivar,8.12,-63.55,89.6,52,55,6.73,VE,1603731989
745,carahue,-38.7,-73.17,53.6,71,90,5.82,CL,1603732054
746,beira,-19.84,34.84,78.8,78,20,13.87,MZ,1603731975
747,panaba,21.28,-88.27,84.81,81,72,11.32,MX,1603732055
748,nantucket,41.28,-70.1,55.4,82,90,16.11,US,1603731810
749,duobao,30.67,112.69,66,68,93,1.03,CN,1603732055
750,wetzlar,50.55,8.5,50,76,100,6.58,DE,1603732055
751,vermilion,40.17,-87.75,42.8,81,90,10.29,US,1603732055
752,lafiagi,8.87,5.42,86.02,46,31,2.62,NG,1603732055
753,vila do maio,15.13,-23.22,86,62,75,18.34,CV,1603732055
754,butembo,0.15,29.28,59.9,93,100,1.81,CD,1603732056
756,irapuato,20.68,-101.35,68,32,75,5.82,MX,1603732056
757,stabat,3.76,98.45,78.8,100,40,3.36,ID,1603732056
758,abu zabad,12.35,29.25,86.94,23,25,6.98,SD,1603732056
759,ketchikan,55.34,-131.65,51.8,100,90,8.05,US,1603732057
761,sibolga,1.74,98.78,77.18,81,100,2.64,ID,1603732057
762,baracoa,20.35,-74.5,87.71,59,98,4,CU,1603732059
763,keshod,21.3,70.25,80.62,63,0,3.98,IN,1603731829
764,rio verde de mato grosso,-18.92,-54.84,92.73,45,100,10.49,BR,1603732059
765,reyes,-14.32,-67.38,93.2,56,40,20.8,BO,1603732059
766,pangody,65.85,74.49,5.11,94,0,9.82,RU,1603732059
767,nassau,40.75,-73.58,59,87,90,13.87,US,1603731885
768,millau,44.08,2.92,52,87,14,16.11,FR,1603732059
769,pundaguitan,6.37,126.17,83.32,77,100,7.43,PH,1603732060
770,dasoguz,41.84,59.97,59,44,0,9.17,TM,1603732060
771,east stroudsburg,41,-75.18,51.01,95,100,1.83,US,1603732061
772,hamilton,39.18,-84.53,51.8,81,90,3.36,US,1603731898
773,chernyshevskiy,63.01,112.47,11.08,88,38,1.28,RU,1603731998
774,trairi,-3.28,-39.27,86.45,59,10,13.44,BR,1603732061
775,bartica,6.4,-58.62,86,79,40,9.17,GY,1603732062
776,bayburt,40.26,40.23,51.94,39,24,2.66,TR,1603732062
777,kulhudhuffushi,6.62,73.07,82.67,76,20,7.38,MV,1603732009
778,ouallam,14.32,2.09,94.51,10,4,6.31,NE,1603732062
779,pindi gheb,33.24,72.27,59,54,0,4.7,PK,1603732063
780,nelson bay,-32.72,152.15,59,100,90,10.29,AU,1603732065
781,nisia floresta,-6.09,-35.21,86,62,75,16.11,BR,1603732065
783,blagoyevo,63.37,47.92,17.71,97,19,3.18,RU,1603732065
784,atbasar,51.8,68.33,44.06,79,89,20.6,KZ,1603732065
785,marsabit,2.33,37.99,73.22,51,54,7.99,KE,1603732065
786,monte santo de minas,-21.19,-46.98,82.42,45,12,7.83,BR,1603732066
787,muli,2.92,73.57,82.89,74,31,7.49,MV,1603732066
788,mokhsogollokh,61.47,128.92,18.93,97,100,3.29,RU,1603732066
789,zhezkazgan,47.8,67.71,48.34,64,44,18.88,KZ,1603732066
790,camana,-16.62,-72.71,67.82,64,51,8.99,PE,1603732066
791,marfino,55.7,37.38,48,70,0,4.47,RU,1603732066
792,lasa,46.62,10.7,52,100,90,8.05,IT,1603731890
793,tamale,9.4,-0.84,90.75,38,7,4.07,GH,1603732067
794,balaipungut,1.05,101.28,76.73,95,100,2.75,ID,1603732067
795,pyapon,16.28,95.68,76.01,91,2,6.49,MM,1603732068
796,honningsvag,70.98,25.97,37.4,86,75,17.22,NO,1603731786
797,macherla,16.48,79.43,74.32,77,0,2.06,IN,1603732069
798,darhan,49.49,105.92,28.6,76,36,5.79,MN,1603732070
799,elektrogorsk,55.88,38.79,50,66,75,4.47,RU,1603732070
800,tual,-5.67,132.75,82.47,72,99,7.05,ID,1603732070
801,biak,-0.91,122.88,77.59,79,100,4.21,ID,1603732070
802,chato,-2.64,31.77,70.03,81,99,5.77,TZ,1603732071
803,nalut,30.33,10.85,73.51,21,0,9.71,LY,1603732071
804,mgachi,51.05,142.27,38.23,90,100,9.37,RU,1603732071
805,vernon,50.26,-119.27,28.99,87,94,4,CA,1603731850
806,turayf,31.67,38.66,77,20,0,13.87,SA,1603732071
807,severobaykalsk,55.65,109.32,17.6,86,0,7.16,RU,1603732071
808,novouzensk,50.46,48.14,47.35,72,39,9.22,RU,1603732072
809,launceston,-41.45,147.17,46.4,70,5,13.87,AU,1603732011
810,port arthur,38.8,121.27,60.01,87,18,2.24,CN,1603732072
811,itoman,26.12,127.67,73.4,69,20,8.05,JP,1603732072
812,letlhakane,-21.42,25.58,85.68,14,2,13.76,BW,1603732073
813,krasnaya gorka,55.2,56.67,30.45,94,95,14.79,RU,1603732073
814,mykhaylivka,47.27,35.22,55.4,62,0,6.71,UA,1603732073
816,angoche,-16.23,39.91,78.39,73,2,7.96,MZ,1603732074
817,wajir,1.75,40.06,92.95,32,98,11.41,KE,1603732075
818,honghu,29.82,113.46,65.08,60,93,2.1,CN,1603732076
819,ascope,-7.71,-79.11,64.4,82,50,9.17,PE,1603732076
820,bouca,6.51,18.27,75.99,78,99,0.65,CF,1603732076
821,tsiroanomandidy,-18.77,46.03,71.62,62,52,7.45,MG,1603732076
822,markova,48.68,24.41,55.4,93,75,6.71,UA,1603732076
823,constantine,36.37,6.61,69.8,26,75,16.11,DZ,1603732078
824,dunedin,-45.87,170.5,46.99,78,66,4,NZ,1603731959
825,kotelnikovo,47.63,43.15,52.3,58,100,8.25,RU,1603732078
826,cozumel,20.51,-86.95,84.2,94,75,28.86,MX,1603732078
828,nichinan,31.6,131.37,62.31,71,88,4.14,JP,1603731887
829,west plains,36.73,-91.85,44.01,87,90,5.82,US,1603731883
830,cabo rojo,18.09,-67.15,90,62,30,4,PR,1603732079
831,preobrazheniye,42.9,133.91,45.27,65,0,4.92,RU,1603732080
832,bar harbor,44.39,-68.2,46.99,81,90,5.82,US,1603731846
833,malindi,-3.22,40.12,80.6,78,20,11.41,KE,1603732080
834,matamoros,25.53,-103.25,78.8,26,5,7.02,MX,1603731843
835,dukat,62.55,155.55,15.37,96,100,6.96,RU,1603731835
836,zirandaro,18.45,-100.98,88.12,55,88,1.77,MX,1603732081
837,llano de piedra,7.67,-80.57,84.81,70,56,3.06,PA,1603732081
838,voh,-20.97,164.7,70.2,86,41,4.9,NC,1603732081
839,pasighat,28.07,95.33,71.42,77,8,3.36,IN,1603732081
840,laguna,38.42,-121.42,57.99,15,5,16.11,US,1603732081
841,broken hill,-31.95,141.43,50,93,11,4.7,AU,1603732082
842,kuminskiy,58.67,66.57,35.28,95,100,16.06,RU,1603732082
843,ixtapa,20.7,-105.2,87.01,70,5,3.36,MX,1603731760
844,ust-omchug,61.15,149.63,16.14,94,96,6.6,RU,1603732082
845,tomatlan,19.93,-105.25,89.85,64,30,1.81,MX,1603731907
846,dicabisagan,17.08,122.42,79.43,82,100,3,PH,1603732082
847,karabuk,41.2,32.63,62.29,69,66,2.86,TR,1603732083
848,indiaroba,-11.52,-37.51,85.78,60,55,11.92,BR,1603732083
849,ossora,59.24,163.07,38.1,93,100,9.06,RU,1603732029
850,kenai,60.55,-151.26,43,100,90,14.99,US,1603732083
851,pinawa,50.15,-95.88,24.22,84,10,9.37,CA,1603732084
852,montalvo,-1.8,-79.33,90.27,47,92,2.19,EC,1603732084
853,princeton,25.54,-80.41,88,89,75,13.87,US,1603732084
854,mandera,3.94,41.87,83.61,58,97,9.06,KE,1603732084
855,iracoubo,5.48,-53.2,85.84,67,3,11.3,GF,1603732084
856,gazli,40.13,63.45,56.91,35,34,5.59,UZ,1603732085
857,huron,41.15,-82.55,46.99,93,98,9.08,US,1603732085
858,oriximina,-1.77,-55.87,93.99,44,40,1.99,BR,1603732085
859,baryshevo,54.96,83.18,44.6,81,90,13.42,RU,1603732010
860,teya,60.38,92.63,16.75,95,18,2.95,RU,1603732085
861,buchanan,5.88,-10.05,80.73,82,74,9.95,LR,1603732085
863,nizhnyaya tavda,57.67,66.17,38.05,93,100,18.54,RU,1603732087
865,skibbereen,51.55,-9.27,48.2,81,40,6.93,IE,1603732088
866,maldonado,-34.67,-54.92,61,82,75,23.04,UY,1603732089
867,kununurra,-15.77,128.73,78.8,83,90,12.75,AU,1603732089
868,polis,35.04,32.43,71.6,46,20,2.24,CY,1603732089
869,eyrarbakki,63.86,-21.15,42.8,70,75,13.87,IS,1603732089
870,san policarpo,12.18,125.51,79.72,82,100,7.78,PH,1603732089
871,qianan,44.99,124.06,39.94,67,0,13.94,CN,1603732089
872,gat,31.61,34.76,78.01,100,0,5.39,IL,1603732090
873,guadalupe victoria,32.29,-115.11,61,10,5,23.04,MX,1603732090
874,farafangana,-22.82,47.83,72.3,77,7,8.57,MG,1603732090
875,casambalangan,18.38,122.13,80.76,82,100,13.24,PH,1603732090
876,nador,35.17,-2.93,66.2,52,20,18.34,MA,1603732091
877,ballina,-28.87,153.57,68,77,90,11.41,AU,1603732091
878,poso,-1.4,120.75,82,70,100,4.81,ID,1603732091
879,west wendover,40.74,-114.07,28.4,39,1,1.5,US,1603732091
880,yen bai,21.7,104.87,71.83,86,92,1.45,VN,1603732091
881,batsfjord,70.63,29.72,35.6,86,75,28.86,NO,1603732091
882,ucluelet,48.93,-125.55,45,87,90,3.36,CA,1603731808
883,gasa,31.5,34.47,78.01,100,0,5.59,PS,1603732079
884,kongoussi,13.33,-1.53,93.83,10,32,5.61,BF,1603732092
885,muisne,0.6,-80.03,82.4,78,40,8.05,EC,1603732092
886,pleasanton,37.66,-121.87,61,11,1,8.05,US,1603731948
887,olafsvik,64.89,-23.71,41.77,74,72,16.24,IS,1603731743
888,uray,60.12,64.78,27.66,97,100,15.01,RU,1603732094
889,cao bang,22.67,106.25,68.99,89,65,1.28,VN,1603732094
890,calama,-22.47,-68.93,75.2,8,0,13.87,CL,1603732094
891,aberdeen,57.14,-2.1,50,81,75,6.93,GB,1603732094
892,nzerekore,7.76,-8.82,84.56,52,41,3.71,GN,1603732094
893,baijiantan,45.63,85.18,43.11,61,0,6.46,CN,1603732094
894,baoma,31.49,106.11,60.62,81,100,2.28,CN,1603732095
895,san ramon,37.78,-121.98,62.6,9,1,10.29,US,1603732017
896,kamenka,51.32,42.77,44.01,93,67,5.32,RU,1603732095
897,garowe,8.41,48.48,79.83,48,89,17.65,SO,1603732095
898,temerloh,3.45,102.42,74.88,82,100,0.6,MY,1603732095
899,phalodi,27.13,72.37,79.83,16,0,8.03,IN,1603732096
900,portel,-1.94,-50.82,94.73,41,19,3.74,BR,1603731859
901,madang,-5.22,145.8,75.11,88,35,6.26,PG,1603732096
902,tazovskiy,67.47,78.7,0.1,94,0,7.02,RU,1603732096
903,nioro,13.35,-15.75,96.84,30,0,4.41,GM,1603732096
904,grand-santi,4.25,-54.38,96.03,39,56,3.22,GF,1603732096
905,sao pedro do sul,-29.62,-54.18,69.04,95,100,9.1,BR,1603732097
906,la peca,-5.61,-78.44,85.75,50,100,2.19,PE,1603732097
907,elko,41,-115.5,24.01,61,1,4.7,US,1603732097
909,villa carlos paz,-31.42,-64.5,82,19,0,1.99,AR,1603731821
910,sonoma,38.55,-122.9,66.99,7,1,10.29,US,1603731983
911,matara,5.95,80.54,78.39,86,1,6.6,LK,1603732098
912,akureyri,65.68,-18.09,39.2,69,75,4.7,IS,1603732098
913,arona,28.1,-16.68,75.99,60,20,21.92,ES,1603732098
914,ondjiva,-17.07,15.73,102.2,11,75,4.7,AO,1603732098
915,mamakan,57.82,114,20.37,92,95,2.33,RU,1603732098
916,fort frances,48.6,-93.4,28,68,75,6.93,CA,1603732099
917,horta,38.53,-28.63,69.8,83,20,16.11,PT,1603732100
918,honiara,-9.43,159.95,73.4,94,20,3.6,SB,1603731855
919,joaima,-16.65,-41.03,84.67,66,39,3.15,BR,1603732100
920,makanya,-4.37,37.83,75.85,63,35,6.62,TZ,1603732100
921,calvinia,-31.47,19.78,75.58,26,0,12.48,ZA,1603732100
922,florianopolis,-27.61,-48.5,82,65,40,17.22,BR,1603732100
923,sehore,23.2,77.08,73.4,64,40,4.7,IN,1603732089
924,jos,9.92,8.9,72.1,42,68,3.58,NG,1603732101
925,whitehorse,60.72,-135.05,33.8,86,90,34.45,CA,1603732101
926,vao,-22.67,167.48,72.72,81,42,13.94,NC,1603732101
927,that phanom,16.94,104.71,70.3,93,97,4.32,TH,1603732101
928,shenjiamen,29.96,122.3,64.87,71,1,6.49,CN,1603732007
929,poya,-21.35,165.15,71.38,83,17,4.61,NC,1603732101
930,venado tuerto,-33.75,-61.97,75,31,0,4,AR,1603732102
931,popondetta,-8.75,148.25,74.61,88,99,2.51,PG,1603732102
932,lazaro cardenas,17.96,-102.2,86.56,67,65,2.66,MX,1603731804
933,tanout,14.97,8.89,86.34,13,0,9.33,NE,1603731901
934,byron bay,-28.65,153.62,68,77,90,11.41,AU,1603732102
935,pierre,44.37,-100.35,10.4,66,1,10.29,US,1603732027
936,anito,12.45,125.29,77.4,85,100,5.41,PH,1603732103
937,neuquen,-38.95,-68.06,73.4,28,0,4.7,AR,1603732103
938,mattru,7.62,-11.83,84.88,70,93,5.57,SL,1603732103
939,esmeralda,21.85,-78.12,82.4,83,75,10.29,CU,1603732103
940,iseyin,7.97,3.6,84.09,59,59,1.52,NG,1603732103
941,sokoni,-6.43,39.55,82.4,74,20,8.05,TZ,1603732103
942,yarim,14.3,44.38,55.67,36,0,4.59,YE,1603732104
943,songea,-10.68,35.65,78.8,50,40,5.82,TZ,1603732104
944,shingu,33.73,135.98,54.14,73,19,6.26,JP,1603732104
945,hirara,24.8,125.28,76.55,69,58,15.86,JP,1603732104
946,trogir,43.51,16.25,64.4,72,75,9.17,HR,1603732104
947,dakoro,14.51,6.76,89.4,12,0,5.23,NE,1603732105
948,berzasca,44.65,21.95,53.01,87,0,3.18,RO,1603732105
949,morondava,-20.28,44.28,79.63,74,5,16.42,MG,1603732106
950,tigil,57.8,158.67,37.36,79,100,5.55,RU,1603732106
951,ternate,0.8,127.4,81.3,76,88,2.51,ID,1603731894
952,mamallapuram,12.63,80.17,82.4,83,75,2.24,IN,1603732106
953,samana,19.21,-69.34,86,84,75,6.93,DO,1603732107
954,krasnoselkup,65.7,82.47,0.84,91,0,10.11,RU,1603732108
955,huancavelica,-12.77,-74.98,55.89,43,81,7.2,PE,1603732108
956,kirkwall,58.98,-2.96,50,81,75,1.12,GB,1603732108
957,gamboula,4.12,15.14,73.31,87,62,1.25,CF,1603732108
958,road town,18.42,-64.62,86,70,20,11.41,VG,1603732109
959,teluknaga,-6.1,106.64,79,94,40,4.7,ID,1603732109
961,krasnovishersk,60.41,57.08,21.74,95,74,6.93,RU,1603732110
962,dickinson,29.46,-95.05,80.01,69,90,6.93,US,1603731975
963,shahrud,36.42,54.98,58.69,39,0,4.9,IR,1603732110
964,angoram,-4.06,144.07,71.76,97,52,1.83,PG,1603732110
965,semporna,4.48,118.61,77,94,40,17.92,MY,1603732110
966,krasnomayskiy,57.62,34.41,45.1,87,100,7.67,RU,1603732111
967,igarka,67.47,86.58,-2.22,89,0,5.23,RU,1603732112
968,rettikhovka,44.17,132.77,37.42,79,0,3.11,RU,1603732112
969,college,64.86,-147.8,30.2,92,90,8.05,US,1603732112
970,belmonte,-15.86,-38.88,86,62,40,9.17,BR,1603732112
971,pombal,-6.77,-37.8,100.56,19,0,9.84,BR,1603732112
972,san julian,21.02,-102.17,70.16,43,19,3.04,MX,1603732112
973,yatou,37.15,122.38,55.94,79,0,5.12,CN,1603732112
974,uyemskiy,64.47,40.85,32,96,90,8.95,RU,1603732113
975,tatarsk,55.22,75.98,44.92,90,100,14.27,RU,1603732113
976,dhaka,23.71,90.41,82.4,74,6,2.26,BD,1603731840
977,antibes,43.56,7.13,60.8,82,75,3.36,FR,1603731895
978,basirpur,30.58,73.83,69.78,23,0,4.36,PK,1603732113
979,canutama,-6.53,-64.38,98.26,37,57,4.25,BR,1603731911
980,daru,-9.08,143.21,77.61,86,91,7.78,PG,1603732114
981,lampa,-33.28,-70.9,81,31,0,11.41,CL,1603732114
982,aykhal,66,111.5,-4,91,90,2.24,RU,1603732114
983,opuwo,-18.06,13.84,89.4,18,82,16.78,NA,1603732114
984,kazanskaya,45.41,40.44,63,59,61,11.63,RU,1603732114
985,mindelo,16.89,-24.98,84.2,62,75,34.45,CV,1603732114
986,bantogon,6.53,124.03,78.51,69,100,3.2,PH,1603732115
987,acarau,-2.89,-40.12,87.08,57,34,17.9,BR,1603732115
988,awbari,26.59,12.78,77.74,21,65,10,LY,1603732115
989,tanhacu,-14.02,-41.25,84.06,64,93,3.11,BR,1603732115
991,sri aman,1.24,111.46,73.4,94,100,1.5,MY,1603732077
994,kangaatsiaq,68.31,-53.46,24.19,89,100,8.88,GL,1603732116
995,kutum,14.2,24.67,79.9,18,85,9.8,SD,1603732116
996,santa isabel do rio negro,-0.41,-65.02,94.62,45,100,4.03,BR,1603731900
997,kinna,57.51,12.69,48.99,93,90,9.17,SE,1603732117
998,rafaela,-31.25,-61.49,77,21,0,8.99,AR,1603732117
1000,padang,-0.95,100.35,77.85,74,100,2.55,ID,1603732117
1002,waddan,29.16,16.14,77.72,26,0,7.43,LY,1603732117
1003,ruteng,-8.61,120.47,63.84,100,64,1.95,ID,1603732117
1004,shuangcheng,45.35,126.28,48,69,40,4.47,CN,1603732118
1005,togur,58.36,82.83,32.74,97,100,9.4,RU,1603732118
1006,kadom,54.56,42.47,37.67,80,0,4.43,RU,1603732118
1007,nawabganj,24.59,88.27,73.69,51,0,4.05,BD,1603732118
1008,redmond,47.67,-122.12,42.01,87,94,1.99,US,1603732014
1009,maltahohe,-24.83,16.98,84.7,17,92,7.2,NA,1603732118
1010,fallon,39.47,-118.78,34,41,20,3.36,US,1603731845
1011,jakar,27.55,90.75,47.16,74,99,2.08,BT,1603732119
1012,patan,27.67,85.33,62.6,93,75,4.7,NP,1603732119
1013,new ulm,44.31,-94.46,23,73,1,6.93,US,1603732059
1014,ottawa,45.41,-75.7,36,100,90,8.05,CA,1603731938
1016,kralendijk,12.15,-68.27,89.6,59,40,18.34,BQ,1603732001
1017,pacifica,37.61,-122.49,62.01,25,20,17.22,US,1603732121
1018,puerto colombia,10.99,-74.95,87.8,70,40,3.36,CO,1603732029
